"","address","bedroom","bathroom","carspace","soldprice","yearsold","latitude","longitude","distance_to_train_station"
"1","4/53 Kirkham Road Auburn 2144",4,2,2,850000,2023-02-28,-33.87161552155,151.01782868198,2877.32788990104
"2","7/55-57 Susan Street Auburn 2144",4,3,2,880000,2023-02-24,-33.8570242206832,151.032492234852,894.047243702101
"3","7/53 Kirkham Road Auburn 2144",4,2,2,788880,2022-12-15,-33.87161552155,151.01782868198,2877.32788990104
"4","11/17-21 Kirkham Road Auburn 2144",3,1,2,710000,2022-11-28,-33.8720158412457,151.020772993109,2796.62026797535
"5","4/27 Louisa Street Auburn 2144",3,2,2,811118,2022-11-16,-33.8572866999811,151.035094145236,944.509581324489
"6","19/17-21 Kirkham Road Auburn 2144",2,1,1,575000,2022-11-11,-33.8720158412457,151.020772993109,2796.62026797535
"7","34/18 Cockthorpe Road Auburn 2144",3,2,2,770000,2022-11-03,-33.8604458811974,151.036149678303,1309.08692780715
"8","1/53 Kirkham Road Auburn 2144",3,2,1,740000,2022-10-31,-33.87161552155,151.01782868198,2877.32788990104
"9","2/42 Helena Street Auburn 2144",3,2,1,865000,2022-10-29,-33.8576023624547,151.032826840427,957.634491947842
"10","44 Princeton Cct Auburn 2144",3,2,2,7e+05,2022-10-04,-33.8736835047014,151.017071125571,3113.05334955736
"11","3/5 New Street Auburn 2144",2,1,1,610000,2022-09-29,-33.864862096433,151.023547319241,1966.06938721746
"12","4/7 Kennington Oval Auburn 2144",3,2,2,691000,2022-09-19,-33.8724478026258,151.021767170644,2805.74323397359
"13","3/3 St Johns Avenue Auburn 2144",3,2,2,8e+05,2022-09-13,-33.8719751890153,151.023717723332,2694.75702399304
"14","21/277 Park Road Auburn 2144",3,1,1,6e+05,2022-08-29,-33.8706394489252,151.025656876632,2500.21326241141
"15","8/17 Kirkham Road Auburn 2144",3,2,2,678000,2022-07-29,-33.8720158412457,151.020772993109,2796.62026797535
"16","3/30-32 St Johns Road Auburn 2144",3,2,2,790000,2022-07-27,-33.8714475063008,151.020110990396,2764.38955490545
"17","1/277 Park Road Auburn 2144",3,1,1,570000,2022-07-25,-33.8706394489252,151.025656876632,2500.21326241141
"18","2/10-12 Hevington Road Auburn 2144",3,2,1,8e+05,2022-06-24,-33.8585786865366,151.034586118085,1077.62760884278
"19","4/45-47 Marion Street Auburn 2144",4,3,2,820000,2022-06-21,-33.856482749738,151.033953284395,838.648007577693
"20","3 Castle Street Auburn 2144",3,2,1,830000,2022-05-27,-33.8734620967291,151.01988811559,2976.91865463762
"21","9/21-23 Hargrave Road Auburn 2144",3,2,1,585000,2022-05-26,-33.8600562903378,151.032106751125,1232.96332852798
"22","6/320-322 Chisholm Road Auburn 2144",4,2,2,830000,2022-05-06,-33.871464982569,151.017474378933,2878.75897641245
"23","2/11 New Street Auburn 2144",3,1,2,680000,2022-04-21,-33.8652530283971,151.023540362261,2005.52180406639
"24","5/7-9 Helena Street Auburn 2144",3,2,2,730000,2022-04-06,-33.8573922281421,151.036245483456,984.082754260867
"25","1/57-59 Norval Street Auburn 2144",4,1,2,850000,2022-04-06,-33.8589897350683,151.032325602617,1113.31929527144
"26","8/273-275 Park Road Auburn 2144",3,2,2,650000,2022-04-05,-33.8703318330787,151.025674562448,2466.79457924359
"27","7/27 Louisa Street Auburn 2144",3,2,2,828000,2022-04-01,-33.8572866999811,151.035094145236,944.509581324489
"28","5/24-28 Norval Street Auburn 2144",4,2,2,8e+05,2022-03-22,-33.8599075115565,151.034442368445,1222.5618752164
"29","1/55 Northumberland Rd Auburn 2144",3,2,1,730000,2022-03-05,-33.8461776607885,151.036262247263,441.970797055811
"30","29/18 Cockthorpe Rd Auburn 2144",4,2,3,840000,2022-03-04,-33.8606256730206,151.036044988332,1326.42006438767
"31","19/28 Elsham Road Auburn 2144",4,3,2,850000,2022-03-03,-33.8607656927131,151.035717591194,1335.40025829319
"32","2/72-74 Water Street Auburn 2144",3,2,1,732000,2022-02-25,-33.8612766954402,151.033900478405,1369.76159602614
"33","2/17 Kirkham Road Auburn 2144",3,2,2,7e+05,2022-02-22,-33.8720158412457,151.020772993109,2796.62026797535
"34","2/64 Harrow Road Auburn 2144",3,2,1,740000,2022-02-21,-33.8574419747374,151.03055500939,964.437100430219
"35","3/273-275 Park Road Auburn 2144",3,2,2,660000,2022-02-18,-33.8703318330787,151.025674562448,2466.79457924359
"36","6/118 Harrow Road Auburn 2144",4,3,2,840000,2022-02-17,-33.860749683278,151.030010018046,1334.97555179002
"37","2/219 Auburn Road Auburn 2144",3,3,2,850000,2022-02-15,-33.8611436327273,151.030537072118,1369.35827160849
"38","6/18 Gibbons Street Auburn 2144",4,3,2,985000,2022-02-12,-33.8457433524755,151.032272042256,367.147661765297
"39","2/20 Kennington Oval Auburn 2144",3,3,2,780000,2022-02-10,-33.8734114281244,151.0226279921,2878.58254704074
"40","12/17-21 Kirkham Road Auburn 2144",2,1,1,6e+05,2022-02-08,-33.8720158412457,151.020772993109,2796.62026797535
"41","1/1A Raglan Road Auburn 2144",2,1,1,625000,2022-02-04,-33.8737999712461,151.024983809807,2856.05460780517
"42","9/17-21 Kirkham Road Auburn 2144",3,2,2,680500,2022-01-20,-33.8720158412457,151.020772993109,2796.62026797535
"43","2/57 MARY ST Auburn 2144",2,1,2,6e+05,2022-01-12,-33.8505286229078,151.023119339264,920.103597070674
"44","1/80 Harrow Rd Auburn 2144",3,2,2,7e+05,2021-12-24,-33.8583988947134,151.03039659142,1071.57029345613
"45","2/273 Park Road Auburn 2144",3,2,1,640000,2021-12-22,-33.8703318330787,151.025674562448,2466.79457924359
"46","2/21 Hargrave Road Auburn 2144",3,1,1,620000,2021-12-10,-33.8600562903378,151.032106751125,1232.96332852798
"47","2/53 Kirkham Road Auburn 2144",3,2,1,710500,2021-12-04,-33.87161552155,151.01782868198,2877.32788990104
"48","1/17-21 Kirkham Road Auburn 2144",3,2,1,711000,2021-11-23,-33.8720158412457,151.020772993109,2796.62026797535
"49","12A/114-120 Auburn Road Auburn 2144",3,2,1,705000,2021-11-22,-33.8578299311259,151.031899131384,987.288762362853
"50","27 Cockthorpe Road Auburn 2144",4,4,2,990000,2021-11-17,-33.8602434582358,151.036894075124,1304.9433823572
"51","4/28 Elsham Road Auburn 2144",4,2,2,9e+05,2021-11-06,-33.8605695980883,151.035382566524,1308.21011698892
"52","4/118 Harrow Road Auburn 2144",3,3,2,795000,2021-11-05,-33.860749683278,151.030010018046,1334.97555179002
"53","3/277 Park Road Auburn 2144",3,1,1,590000,2021-10-23,-33.8706394489252,151.025656876632,2500.21326241141
"54","2 Holly Way Auburn 2144",2,1,1,518000,2021-10-21,-33.8738286373549,151.0196344792,3023.7189930805
"55","5/27 Louisa Street Auburn 2144",3,2,2,750000,2021-10-20,-33.8572866999811,151.035094145236,944.509581324489
"56","4/40 St Johns Road Auburn 2144",3,2,2,768000,2021-10-19,-33.8713198499155,151.019171714326,2789.958153938
"57","6/1-3 Kennington Oval Auburn 2144",3,2,1,710300,2021-10-11,-33.8719987421632,151.021853839523,2756.32197280564
"58","7 Kirkham Road Auburn 2144",3,2,2,828000,2021-10-02,-33.8728033629585,151.021678071014,2845.59388157527
"59","3/39-41 Karrabah Road Auburn 2144",3,2,2,670000,2021-07-30,-33.8438658061642,151.032136003967,575.884112437092
"60","4/13 St Johns Road Auburn 2144",4,3,2,898000,2021-07-30,-33.8712719473388,151.023935652815,2614.11894785623
"61","3/56 Susan Street Auburn 2144",3,2,1,725000,2021-07-22,-33.8568291318867,151.033317936134,872.390992177545
"62","15 Castle Street Auburn 2144",3,2,1,788000,2021-07-08,-33.8738499692985,151.019828687897,3018.6591381455
"63","13 Castle Street Auburn 2144",3,2,2,815000,2021-06-10,-33.8738059223973,151.019833381763,3013.99265039833
"64","14/1-3 Kennington Oval Auburn 2144",3,2,1,715000,2021-06-08,-33.8719987421632,151.021853839523,2756.32197280564
"65","3/128 Auburn Road Auburn 2144",3,1,1,675000,2021-06-05,-33.8588216779096,151.031846409213,1097.6740898354
"66","4/45 Kirkham Road Auburn 2144",4,3,2,847500,2021-06-03,-33.8717008074148,151.018456737985,2858.06034941912
"67","2/35 Kirkham Avenue Auburn 2144",2,2,1,7e+05,2021-05-20,-33.8718144660219,151.019292497551,2834.1287165152
"68","9/13-15 Kirkham Road Auburn 2144",4,2,2,9e+05,2021-05-06,-33.8720846985802,151.021277164585,2785.33708198308
"69","1/69 MACQUARIE ROAD Auburn 2144",3,1,1,6e+05,2021-04-26,-33.8436909177544,151.036498868389,678.230620062844
"70","1/18 Gibbons Street Auburn 2144",4,3,2,925000,2021-04-20,-33.8457433524755,151.032272042256,367.147661765297
"71","1/35 Kirkham Avenue Auburn 2144",2,1,1,695000,2021-04-12,-33.8718144660219,151.019292497551,2834.1287165152
"72","3/21-23 Hargrave Road Auburn 2144",3,1,1,610000,2021-04-12,-33.8600562903378,151.032106751125,1232.96332852798
"73","3/219 Auburn Road Auburn 2144",3,3,2,8e+05,2021-03-31,-33.8611436327273,151.030537072118,1369.35827160849
"74","5/38 St Johns Road Auburn 2144",3,3,2,730000,2021-03-30,-33.8713482645673,151.019380675172,2784.051224968
"75","7/35-37 Elsham Road Auburn 2144",3,2,2,718000,2021-03-27,-33.8610523118922,151.034672451687,1351.62586528711
"76","11/273 Park road Auburn 2144",3,2,1,650000,2021-03-10,-33.8703318330787,151.025674562448,2466.79457924359
"77","2/45-47 Marion Street Auburn 2144",3,2,2,738000,2021-03-08,-33.856482749738,151.033953284395,838.648007577693
"78","6/3-5 Louisa Street Auburn 2144",4,3,2,840000,2021-03-03,-33.8558867545127,151.035424727497,801.373811281352
"79","4/35 Kirkham Avenue Auburn 2144",3,2,1,780000,2021-03-01,-33.8718144660219,151.019292497551,2834.1287165152
"80","6/35 Kirkham Road Auburn 2144",3,2,2,765000,2021-02-25,-33.8718144660219,151.019292497551,2834.1287165152
"81","3/57 Mary Steet Auburn 2144",2,1,1,520000,2021-02-23,-33.8505286229078,151.023119339264,920.103597070674
"82","42/18 Cockthorpe Road Auburn 2144",4,2,3,798000,2021-02-18,-33.8606495614446,151.036288650258,1334.12357923258
"83","6/27 Louisa St Auburn 2144",3,2,2,712000,2021-02-16,-33.8572866999811,151.035094145236,944.509581324489
"84","3/35 Kirkham Avenue Auburn 2144",3,2,1,750000,2021-02-12,-33.8718144660219,151.019292497551,2834.1287165152
"85","9/24-28 Norval Street Auburn 2144",3,2,2,680000,2021-02-08,-33.8599075115565,151.034442368445,1222.5618752164
"86","5 Kirkham Rd Auburn 2144",3,3,2,718000,2021-01-30,-33.8728033629585,151.021678071014,2845.59388157527
"87","40 Princeton Cct Auburn 2144",3,2,2,770000,2021-01-22,-33.8735488494269,151.017091828872,3098.9282093568
"88","4/35-37 Elsham Road Auburn 2144",2,2,1,657000,2020-12-02,-33.8610523118922,151.034672451687,1351.62586528711
"89","20/17-21 Kirkham Rd Auburn 2144",2,1,1,528000,2020-11-24,-33.8720158412457,151.020772993109,2796.62026797535
"90","4/29 St Johns Road Auburn 2144",3,2,2,620000,2020-11-16,-33.87105196429,151.022325824491,2642.265415854
"91","5/1-3 Kennington Oval Auburn 2144",3,2,1,680000,2020-11-02,-33.8719987421632,151.021853839523,2756.32197280564
"92","10/21-23 Hargrave Road Auburn 2144",3,1,1,630000,2020-10-30,-33.8600562903378,151.032106751125,1232.96332852798
"93","7/7-9 Helena Street Auburn 2144",3,2,1,730000,2020-10-30,-33.8573922281421,151.036245483456,984.082754260867
"94","10/124-126 Auburn Road Auburn 2144",4,3,2,750000,2020-10-23,-33.8583249663274,151.031805840801,1042.96714260109
"95","17/17-21 Kirkham Rd Auburn 2144",3,2,2,7e+05,2020-10-21,-33.8720158412457,151.020772993109,2796.62026797535
"96","5/54 St John's road Auburn 2144",3,1,2,648000,2020-10-15,-33.8711478113528,151.017906466042,2828.35646122294
"97","1/3-5 louisa St Auburn 2144",4,3,2,895000,2020-09-18,-33.8558867545127,151.035424727497,801.373811281352
"98","3/11 New Street Auburn 2144",3,1,2,625000,2020-07-17,-33.8652530283971,151.023540362261,2005.52180406639
"99","18/17-21 Kirkham Road Auburn 2144",2,1,1,560000,2020-06-26,-33.8720158412457,151.020772993109,2796.62026797535
"100","7/78-80 Helena St Auburn 2144",2,1,1,515000,2020-05-13,-33.8570823491817,151.029387075002,956.541182770238
"101","9/17-21 Kirkham Rd Auburn 2144",3,3,2,650000,2020-05-08,-33.8720158412457,151.020772993109,2796.62026797535
"102","3/9A-11 Louisa Street Auburn 2144",3,2,1,630000,2020-05-06,-33.8563190930785,151.035322635917,844.980192905433
"103","3/89 Harrow Road Auburn 2144",2,1,1,550000,2020-04-24,-33.8596412604021,151.029519173796,1225.11743781502
"104","1/75 Dartbrook Rd Auburn 2144",3,2,2,655000,2020-04-09,-33.8472284161706,151.039104047715,606.537590758241
"105","60 Princeton CCT Auburn 2144",3,3,4,770000,2020-04-04,-33.8740449323664,151.018385910903,3094.01447514813
"106","1/11 New Street Auburn 2144",3,1,2,670000,2020-03-16,-33.8652530283971,151.023540362261,2005.52180406639
"107","14/17-21 Kirkham Road Auburn 2144",3,2,1,685000,2020-03-13,-33.8720158412457,151.020772993109,2796.62026797535
"108","26/18 Cockthorpe Road Auburn 2144",5,3,2,840000,2020-03-13,-33.8606006530396,151.035877769364,1320.39350479118
"109","4/9A-11 Louisa St Auburn 2144",3,1,1,638000,2020-03-11,-33.8563190930785,151.035322635917,844.980192905433
"110","1/33 Macquarie Road Auburn 2144",2,1,1,495000,2020-03-06,-33.8456274726641,151.034940672589,420.168582028118
"111","1/45 Edgar Street Auburn 2144",3,2,2,615800,2020-02-22,-33.8541757566175,151.023590569861,1035.70122668688
"112","1/24-28 Norval Street Auburn 2144",4,3,2,770000,2020-02-04,-33.8599075115565,151.034442368445,1222.5618752164
"113","3/24-28 Norval Street Auburn 2144",4,3,2,708000,2019-12-17,-33.8599075115565,151.034442368445,1222.5618752164
"114","11/181 Auburn Rd Auburn 2144",2,1,2,580000,2019-12-09,-33.858219647714,151.030773944701,1044.97692582532
"115","2/4 Simpson Street Auburn 2144",3,1,2,625000,2019-12-09,-33.847183363441,151.040098728165,695.587728615992
"116","1/273-275 Park Rd Auburn 2144",3,2,2,635000,2019-11-29,-33.8703318330787,151.025674562448,2466.79457924359
"117","2/57 Harrow Rd Auburn 2144",2,1,1,6e+05,2019-11-15,-33.8557431306018,151.030135746594,792.949578737567
"118","4/1-3 KENNINGTON OVAL Auburn 2144",3,1,2,665000,2019-11-12,-33.8719987421632,151.021853839523,2756.32197280564
"119","2/23 Elsham Rd Auburn 2144",3,1,1,610000,2019-11-05,-33.8604346913567,151.034795749483,1284.91186134776
"120","2/167 Rawson Street Auburn 2144",4,1,1,650000,2019-11-04,-33.846597300771,151.030862289961,327.155143369656
"121","Unit 7/320 Chisholm Rd Auburn 2144",4,2,2,756000,2019-11-04,-33.871464982569,151.017474378933,2878.75897641245
"122","17 Coachwood Street Auburn 2144",3,2,2,738000,2019-10-14,-33.8736459537752,151.017618799125,3085.8643370845
"123","6/35 Elsham Road Auburn 2144",2,2,1,585000,2019-09-11,-33.8610523118922,151.034672451687,1351.62586528711
"124","2/11-13 Raglan road Auburn 2144",3,2,2,650000,2019-08-28,-33.8734114281244,151.0226279921,2878.58254704074
"125","2/11-13 Raglan Road Auburn 2144",3,2,2,650000,2019-08-27,-33.8734114281244,151.0226279921,2878.58254704074
"126","5/13 St Johns Rd Auburn 2144",4,3,1,8e+05,2019-08-16,-33.8712719473388,151.023935652815,2614.11894785623
"127","7/27-29 Hargrave Road Auburn 2144",4,3,2,650000,2019-08-08,-33.8604194362929,151.032031984549,1273.73600200917
"128","7/27-29 Hargrave Road Auburn 2144",4,2,2,650000,2019-08-07,-33.8604194362929,151.032031984549,1273.73600200917
"129","17 Castle St Auburn 2144",3,3,1,750000,2019-07-19,-33.873935632349,151.019801279073,3028.41212664484
"130","3/9 Raglan Road Auburn 2144",4,2,2,685000,2019-07-15,-33.873348438122,151.023006183572,2860.5959983696
"131","2/49 Harrow Road Auburn 2144",2,2,1,550000,2019-07-04,-33.8552561839368,151.03025376379,738.153686626689
"132","5/273-275 Park road Auburn 2144",3,2,2,660000,2019-06-21,-33.8703318330787,151.025674562448,2466.79457924359
"133","7/23 Elsham Rd Auburn 2144",3,1,1,615000,2019-05-20,-33.8604346913567,151.034795749483,1284.91186134776
"134","2/5 New Street Auburn 2144",3,1,1,602000,2019-03-13,-33.864862096433,151.023547319241,1966.06938721746
"135","12/58-60 Helena St Auburn 2144",3,1,3,680000,2019-03-05,-33.8579107326725,151.030780650224,1011.10286128223
"136","84 Princeton CCT Auburn 2144",3,3,2,765000,2019-02-18,-33.8732660440138,151.018547933092,3009.48965050469
"137","3/17 St Johns Road Auburn 2144",3,1,1,622000,2019-02-05,-33.87121298065,151.02350582882,2620.7902088594
"138","10/21 Hargrave Road Auburn 2144",3,1,1,640000,2018-08-13,-33.8600562903378,151.032106751125,1232.96332852798
"139","5/11 Raglan Road Auburn 2144",3,2,2,717000,2018-08-06,-33.8734114281244,151.0226279921,2878.58254704074
"140","3/42 Helena St Auburn 2144",3,2,2,835000,2018-07-18,-33.8576023624547,151.032826840427,957.634491947842
"141","15/17-21 Kirkham Road Auburn 2144",3,2,2,760000,2018-04-27,-33.8720158412457,151.020772993109,2796.62026797535
"142","1/202 Cumberland Road Auburn 2144",3,1,1,660000,2018-04-18,-33.8621313561975,151.023580679215,1696.7639939581
"143","2/42 Helena Street Auburn 2144",3,2,1,820000,2018-04-10,-33.8576023624547,151.032826840427,957.634491947842
"144","28/18 Cockthorpe Rd Auburn 2144",4,2,3,809000,2018-02-02,-33.8606154470987,151.035989248676,1324.18855919735
"145","3/14 Queen Street Auburn 2144",3,2,1,675000,2017-12-20,-33.8562649040745,151.03589453317,854.795975218101
"146","3/31-33 Elsham Road Auburn 2144",3,2,2,682000,2017-12-18,-33.8608035789155,151.034721653459,1324.71606993435
"147","6/1-3 Kennington Oval Auburn 2144",3,2,2,640000,2017-11-27,-33.8719987421632,151.021853839523,2756.32197280564
"148","29 COCKTHORPE ROAD Auburn 2144",4,3,2,886000,2017-11-18,-33.8602434582358,151.036894075124,1304.9433823572
"149","3/8-10 Edgar St Auburn 2144",4,2,2,858000,2017-11-08,-33.8555526518522,151.028095172266,854.044083546
"150","3/58-60 Helena St Auburn 2144",3,1,1,745000,2017-11-06,-33.8573175034753,151.030955077629,943.196857271077
"151","1/55-57 Susan St Auburn 2144",3,3,2,940000,2017-10-20,-33.8570242206832,151.032492234852,894.047243702101
"152","6/55-57 Susan St Auburn 2144",4,3,2,885000,2017-10-18,-33.8570242206832,151.032492234852,894.047243702101
"153","8/57 Harrow Road Auburn 2144",3,1,1,665000,2017-10-18,-33.8557431306018,151.030135746594,792.949578737567
"154","13 Palace St Auburn 2144",3,2,2,765000,2017-10-14,-33.8743898895916,151.020526565155,3049.0492783111
"155","3 Castle St Auburn 2144",3,2,1,730000,2017-10-11,-33.8734620967291,151.01988811559,2976.91865463762
"156","4/128 Auburn Road Auburn 2144",3,1,1,670000,2017-09-27,-33.8588287606178,151.031904076707,1097.99955047668
"157","3/64 Harrow Rd Auburn 2144",3,2,1,680000,2017-09-18,-33.8574419747374,151.03055500939,964.437100430219
"158","7/55-57 Susan St Auburn 2144",4,3,2,885000,2017-09-04,-33.8570242206832,151.032492234852,894.047243702101
"159","5 Palace Street Auburn 2144",3,2,2,790000,2017-08-28,-33.8741180225621,151.020569564319,3019.51463288005
"160","8/55-57 Susan St Auburn 2144",4,3,2,895000,2017-08-24,-33.8570242206832,151.032492234852,894.047243702101
"161","4/124-126 Auburn Rd Auburn 2144",3,3,2,835000,2017-08-14,-33.8583249663274,151.031805840801,1042.96714260109
"162","5/9 Raglan Road Auburn 2144",3,2,1,650000,2017-08-14,-33.873348438122,151.023006183572,2860.5959983696
"163","1/23 Elsham Road Auburn 2144",3,1,1,645000,2017-08-04,-33.8604346913567,151.034795749483,1284.91186134776
"164","7/69 Macquarie Rd Auburn 2144",3,3,1,680000,2017-07-21,-33.8436909177544,151.036498868389,678.230620062844
"165","49 Station Rd Auburn 2144",3,3,1,515000,2017-07-05,-33.8468924694913,151.037517353444,487.108474446538
"166","13/17 Macquarie Rd Auburn 2144",2,1,1,468000,2017-06-24,-33.8472476526384,151.033707275537,208.86077581674
"167","7/2A Gordon Rd Auburn 2144",3,1,2,695000,2017-06-20,-33.8556445594205,151.026929836267,922.896392670249
"168","2/75 Dartbrook Road Auburn 2144",2,1,1,470000,2017-06-19,-33.8472284161706,151.039104047715,606.537590758241
"169","1/13 St Johns Rd Auburn 2144",4,2,1,832000,2017-06-09,-33.8712719473388,151.023935652815,2614.11894785623
"170","12A/114 Auburn Road Auburn 2144",2,1,1,652000,2017-06-03,-33.8578299311259,151.031899131384,987.288762362853
"171","12A/114-120 Auburn Road Auburn 2144",3,1,1,652000,2017-06-03,-33.8578299311259,151.031899131384,987.288762362853
"172","5/13 St Johns Rd Auburn 2144",4,3,1,830000,2017-05-29,-33.8712719473388,151.023935652815,2614.11894785623
"173","2/13 St Johns Rd Auburn 2144",4,2,2,850000,2017-05-29,-33.8712719473388,151.023935652815,2614.11894785623
"174","4/165 Rawson Street Auburn 2144",3,2,1,740000,2017-05-27,-33.8467175810815,151.031100587468,303.696394673208
"175","4/13 St Johns Rd Auburn 2144",4,3,2,850000,2017-05-19,-33.8712719473388,151.023935652815,2614.11894785623
"176","6/13 St Johns Rd Auburn 2144",4,3,1,820000,2017-05-19,-33.8712719473388,151.023935652815,2614.11894785623
"177","3/124-126 Auburn Road Auburn 2144",3,2,1,835000,2017-05-04,-33.8583249663274,151.031805840801,1042.96714260109
"178","8/124-126 Auburn Road Auburn 2144",3,3,2,840000,2017-05-04,-33.8583249663274,151.031805840801,1042.96714260109
"179","1/124-126 Auburn Road Auburn 2144",3,2,2,750000,2017-05-04,-33.8583249663274,151.031805840801,1042.96714260109
"180","11/124-126 Auburn Road Auburn 2144",3,3,2,820000,2017-05-04,-33.8583249663274,151.031805840801,1042.96714260109
"181","2/64 Harrow Road Auburn 2144",3,2,1,650000,2017-04-26,-33.8574419747374,151.03055500939,964.437100430219
"182","4 /14 QUEEN STREET Auburn 2144",3,1,1,7e+05,2017-04-14,-33.8562649040745,151.03589453317,854.795975218101
"183","4/20-24 Helena Street Auburn 2144",3,1,1,620000,2017-03-31,-33.8578951842421,151.034867666212,1006.77703478869
"184","8/17 Kirkham Rd Auburn 2144",3,3,2,638000,2017-03-24,-33.8720158412457,151.020772993109,2796.62026797535
"185","11/58-60 Helena Street Auburn 2144",3,1,1,738000,2017-03-18,-33.8579273288408,151.030857847552,1011.55917592596
"186","24 Castle St Auburn 2144",3,2,2,772000,2017-02-21,-33.874632671417,151.019963301262,3093.86793385764
"187","11/277 Park rd Auburn 2144",3,1,1,570000,2017-02-08,-33.8706394489252,151.025656876632,2500.21326241141
"188","16/17-21 Kirkham Rd Auburn 2144",3,2,2,680000,2017-02-04,-33.8720158412457,151.020772993109,2796.62026797535
"189","16/17-21 KIRKHAM ROAD Auburn 2144",3,1,1,680000,2017-02-03,-33.8720158412457,151.020772993109,2796.62026797535
"190","1/9a-11 Louisa St Auburn 2144",3,1,1,730000,2017-01-06,-33.8563190930785,151.035322635917,844.980192905433
"191","1/17 Kirkham Rd Auburn 2144",3,3,1,670000,2017-01-03,-33.8720158412457,151.020772993109,2796.62026797535
"192","3/17 Kirkham Street Auburn 2144",3,3,2,670000,2017-01-03,-33.8720158412457,151.020772993109,2796.62026797535
"193","3/24-28 Norval Street Auburn 2144",4,3,2,745000,2016-12-19,-33.8599075115565,151.034442368445,1222.5618752164
"194","1/7 Kennington Oval Auburn 2144",3,3,2,710000,2016-12-13,-33.8724478026258,151.021767170644,2805.74323397359
"195","10/58-60 Helena Street Auburn 2144",3,2,2,698000,2016-11-23,-33.857852604174,151.030857847552,1003.3882364962
"196","3/33 Macquarie Road Auburn 2144",2,1,NA,506000,2016-11-14,-33.8456274726641,151.034940672589,420.168582028118
"197","8/35 Elsham Road Auburn 2144",2,2,1,650000,2016-11-07,-33.8610523118922,151.034672451687,1351.62586528711
"198","2/39 Karrabah Rd Auburn 2144",3,2,2,685000,2016-10-14,-33.8438658061642,151.032136003967,575.884112437092
"199","8/24-28 Norval Street Auburn 2144",3,3,2,708000,2016-09-12,-33.8599075115565,151.034442368445,1222.5618752164
"200","5/219 Auburn Road Auburn 2144",3,3,1,770000,2016-08-18,-33.8611436327273,151.030537072118,1369.35827160849
"201","2/42 Helena Street Auburn 2144",3,2,1,770000,2016-08-13,-33.8576023624547,151.032826840427,957.634491947842
"202","1/219 Auburn Road Auburn 2144",3,3,2,810000,2016-08-08,-33.8611436327273,151.030537072118,1369.35827160849
"203","3/219 Auburn Road Auburn 2144",3,3,2,778000,2016-07-12,-33.8611436327273,151.030537072118,1369.35827160849
"204","4/219 Auburn Road Auburn 2144",3,3,2,778000,2016-06-20,-33.8611436327273,151.030537072118,1369.35827160849
"205","10/17 Macquarie Rd Auburn 2144",2,1,1,450000,2016-06-17,-33.8472476526384,151.033707275537,208.86077581674
"206","2/219 Auburn Road Auburn 2144",3,3,2,778000,2016-06-14,-33.8611436327273,151.030537072118,1369.35827160849
"207","4/14 Kennington Oval Auburn 2144",3,2,2,608000,2016-05-25,-33.8727518561635,151.022900403954,2800.96373054896
"208","7/128 Auburn Rd Auburn 2144",3,1,2,645000,2016-04-05,-33.8585436082718,151.031620349284,1068.95576662384
"209","2/24 Norval St Auburn 2144",4,3,2,735000,2016-03-31,-33.8599075115565,151.034442368445,1222.5618752164
"210","3/53 Kirkham Road Auburn 2144",4,2,2,790000,2015-12-16,-33.87161552155,151.01782868198,2877.32788990104
"211","9/30-32 St Johns Road Auburn 2144",3,3,2,735000,2015-12-14,-33.8714475063008,151.020110990396,2764.38955490545
"212","2/42 Helena Street Auburn 2144",3,2,1,770000,2015-12-12,-33.8576023624547,151.032826840427,957.634491947842
"213","2/10 Hevington Rd Auburn 2144",3,2,1,730000,2015-11-17,-33.8585786865366,151.034586118085,1077.62760884278
"214","8/30-32 St John Road Auburn 2144",3,2,3,690000,2015-11-16,-33.8714475063008,151.020110990396,2764.38955490545
"215","6/24-28 Norval Street Auburn 2144",3,3,2,708000,2015-10-26,-33.8599075115565,151.034442368445,1222.5618752164
"216","28 elsham road Auburn 2144",4,3,3,1e+05,2015-10-21,-33.8605761778823,151.03583569221,1316.9218263284
"217","15/17-21 Kirkham Rd Auburn 2144",3,1,2,718000,2015-09-24,-33.8720158412457,151.020772993109,2796.62026797535
"218","2/17-21 Kirkham Rd Auburn 2144",3,3,2,650000,2015-09-22,-33.8720158412457,151.020772993109,2796.62026797535
"219","5/49 Station Road Auburn 2144",3,3,3,685000,2015-09-21,-33.8468924694913,151.037517353444,487.108474446538
"220","7/57 Harrow Rd Auburn 2144",2,2,1,650000,2015-09-11,-33.8557431306018,151.030135746594,792.949578737567
"221","9/320 CHISHOLM ROAD Auburn 2144",4,2,2,755000,2015-09-01,-33.871464982569,151.017474378933,2878.75897641245
"222","3/17 Macquarie Rd Auburn 2144",2,1,1,480000,2015-08-26,-33.8472476526384,151.033707275537,208.86077581674
"223","3/27-29 Hargrave Rd Auburn 2144",4,2,2,7e+05,2015-08-21,-33.8604194362929,151.032031984549,1273.73600200917
"224","26 Tarakan Street Auburn 2144",3,2,2,775000,2015-08-15,-33.874115256534,151.019161236947,3070.74273669662
"225","8/3 St John's Avenue Auburn 2144",3,2,4,770000,2015-08-11,-33.8719751890153,151.023717723332,2694.75702399304
"226","1/20 HEVINGTON RD Auburn 2144",2,2,1,599000,2015-07-28,-33.8601676439215,151.034266516117,1249.57855215764
"227","2/21-23 HARGRAVE ROAD Auburn 2144",3,1,1,585000,2015-07-15,-33.8600562903378,151.032106751125,1232.96332852798
"228","3/57 Harrow Rd Auburn 2144",2,1,1,615000,2015-06-17,-33.8557431306018,151.030135746594,792.949578737567
"229","5/38 ST JOHNS ROAD Auburn 2144",3,2,2,695000,2015-06-04,-33.8713482645673,151.019380675172,2784.051224968
"230","1/40 ST JOHNS ROAD Auburn 2144",4,2,2,680000,2015-06-04,-33.8713198499155,151.019171714326,2789.958153938
"231","1/27 HARGRAVE ROAD Auburn 2144",3,4,NA,717000,2015-06-04,-33.8604194362929,151.032031984549,1273.73600200917
"232","5/38 ST JOHNS ROAD Auburn 2144",3,2,2,695000,2015-05-20,-33.8713482645673,151.019380675172,2784.051224968
"233","2/14 Kennington Oval Auburn 2144",3,2,2,625000,2015-05-15,-33.8727518561635,151.022900403954,2800.96373054896
"234","100/95 Station Rd Auburn 2144",5,2,1,615000,2015-04-14,-33.8446405454747,151.040025637969,818.241408903085
"235","2/33 Macquarie Road Auburn 2144",2,1,1,470000,2015-04-02,-33.8456274726641,151.034940672589,420.168582028118
"236","6 Castle St Auburn 2144",3,3,2,710000,2015-03-31,-33.8740583434114,151.020077127507,3030.87471328624
"237","2/124 Park Road Auburn 2144",3,1,1,610000,2015-03-18,-33.8594168349446,151.028672517756,1223.68318852279
"238","22/277 PARK ROAD Auburn 2144",3,1,1,538000,2015-03-16,-33.8706394489252,151.025656876632,2500.21326241141
"239","17/17-21 Kirkham Rd Auburn 2144",3,1,2,640000,2015-03-13,-33.8720158412457,151.020772993109,2796.62026797535
"240","5/128 Auburn Rd Auburn 2144",3,1,2,658000,2015-03-06,-33.858837310159,151.031968030628,1098.46839914172
"241","3 Prairie Way Auburn 2144",2,1,1,486000,2015-03-04,-33.8736607478343,151.018073517372,3068.32431913727
"242","1/40 ST JOHNS ROAD Auburn 2144",4,2,2,680000,2015-02-26,-33.8713198499155,151.019171714326,2789.958153938
"243","6/128 Auburn Road Auburn 2144",3,1,1,631000,2015-02-14,-33.8585286884841,151.031541391756,1068.1388128982
"244","12/17-21 Kirkham Road Auburn 2144",2,2,1,540000,2015-01-24,-33.8720158412457,151.020772993109,2796.62026797535
"245","17-21 Kirkham Road Auburn 2144",2,2,1,530000,2015-01-24,-33.8720158412457,151.020772993109,2796.62026797535
"246","4/27 Cockthorpe Road Auburn 2144",4,4,2,888000,2015-01-05,-33.8602434582358,151.036894075124,1304.9433823572
"247","4/5 New Street Auburn 2144",2,2,1,515000,2014-12-16,-33.864862096433,151.023547319241,1966.06938721746
"248","4/7 Queen Street Auburn 2144",2,1,1,430000,2014-12-01,-33.8534161885518,151.034665075613,517.982674703105
"249","5/21-23 HARGRAVE ROAD Auburn 2144",3,1,1,496000,2014-11-14,-33.8600562903378,151.032106751125,1232.96332852798
"250","4/17-21 Kirkham Rd Auburn 2144",3,3,2,543000,2014-11-07,-33.8720158412457,151.020772993109,2796.62026797535
"251","2/6 Kennington Oval Auburn 2144",4,3,2,745000,2014-10-24,-33.8720665517599,151.023033760033,2724.91658939584
"252","3/6 Kennington Oval Auburn 2144",4,3,2,750000,2014-10-23,-33.8720665517599,151.023033760033,2724.91658939584
"253","19/17-21 Kirkham Road Auburn 2144",2,1,1,520000,2014-10-20,-33.8720158412457,151.020772993109,2796.62026797535
"254","19/17-21 Kirkham Road Auburn 2144",2,1,1,517000,2014-10-20,-33.8720158412457,151.020772993109,2796.62026797535
"255","1/23 Elsham Road Auburn 2144",3,1,1,515000,2014-10-08,-33.8604346913567,151.034795749483,1284.91186134776
"256","4/128 Auburn Road Auburn 2144",3,1,1,578000,2014-09-29,-33.8588287606178,151.031904076707,1097.99955047668
"257","7/7-9 Helena Street Auburn 2144",3,2,2,645000,2014-09-26,-33.8573922281421,151.036245483456,984.082754260867
"258","2/39 Park Road Auburn 2144",3,2,1,721000,2014-09-20,-33.8530296989964,151.029482544879,548.677684012506
"259","5/24 Norval Street Auburn 2144",4,2,2,550500,2014-09-15,-33.8599075115565,151.034442368445,1222.5618752164
"260","2/14A Kennington Oval Auburn 2144",3,3,1,544000,2014-09-13,-33.8728715916504,151.022877186082,2814.25496530621
"261","3/7 Helena ST Auburn 2144",3,2,2,580000,2014-08-30,-33.8573922281421,151.036245483456,984.082754260867
"262","4/6 Kennington Oval Auburn 2144",4,3,2,755000,2014-08-29,-33.8720665517599,151.023033760033,2724.91658939584
"263","1/6 Kennington Oval Auburn 2144",4,3,2,748000,2014-08-22,-33.8720665517599,151.023033760033,2724.91658939584
"264","4/29 St Johns Rd Auburn 2144",3,2,1,517500,2014-08-21,-33.87105196429,151.022325824491,2642.265415854
"265","2/20 Albert Rd Auburn 2144",3,1,1,563000,2014-08-21,-33.868617063327,151.023897766612,2336.94942773444
"266","1/17 - 21 Kirkham Road Auburn 2144",2,2,1,538000,2014-08-18,-33.8720158412457,151.020772993109,2796.62026797535
"267","4/27-29 Louisa Street Auburn 2144",3,2,2,640000,2014-08-15,-33.8572866999811,151.035094145236,944.509581324489
"268","5/27-29 Louisa Street Auburn 2144",3,2,2,645000,2014-08-08,-33.8572866999811,151.035094145236,944.509581324489
"269","10/277 PARK ROAD Auburn 2144",3,1,1,455000,2014-08-02,-33.8706394489252,151.025656876632,2500.21326241141
"270","4/9A-11 Louisa St Auburn 2144",3,1,1,530000,2014-07-30,-33.8563190930785,151.035322635917,844.980192905433
"271","10/21-23 HARGRAVE ROAD Auburn 2144",3,1,1,515000,2014-07-25,-33.8600562903378,151.032106751125,1232.96332852798
"272","5/6 Kennington Oval Auburn 2144",4,3,2,750000,2014-07-16,-33.8720665517599,151.023033760033,2724.91658939584
"273","6/6 Kennington Oval Auburn 2144",4,3,2,745000,2014-07-11,-33.8720665517599,151.023033760033,2724.91658939584
"274","2/14 Kennington Oval Auburn 2144",3,2,2,486000,2014-06-24,-33.8727518561635,151.022900403954,2800.96373054896
"275","4/57 Harrow Road Auburn 2144",2,1,1,470000,2014-06-20,-33.8557431306018,151.030135746594,792.949578737567
"276","28 Elsham Road Auburn 2144",4,2,2,676000,2014-06-18,-33.8605761778823,151.03583569221,1316.9218263284
"277","5/58-60 Helena Street Auburn 2144",3,1,2,560000,2014-06-13,-33.8574468362413,151.030924232225,957.873668146217
"278","13/21 Hargrave Road Auburn 2144",3,1,1,465000,2014-05-22,-33.8600562903378,151.032106751125,1232.96332852798
"279","2/27-29 Louisa street Auburn 2144",4,2,2,710000,2014-05-15,-33.8572866999811,151.035094145236,944.509581324489
"280","2/167 Rawson St Auburn 2144",4,1,1,575000,2014-05-10,-33.846597300771,151.030862289961,327.155143369656
"281","12/1 Kennington Oval Auburn 2144",3,2,1,5e+05,2014-04-29,-33.8719987421632,151.021853839523,2756.32197280564
"282","Unit 3/72 Water Street Auburn 2144",3,2,1,585000,2014-04-21,-33.8612766954402,151.033900478405,1369.76159602614
"283","3/1a Raglan road Auburn 2144",2,1,1,480000,2014-04-10,-33.8737999712461,151.024983809807,2856.05460780517
"284","4/30-32 St Johns Road Auburn 2144",3,2,2,625000,2014-03-25,-33.8714475063008,151.020110990396,2764.38955490545
"285","1/55 Northumberland Road Auburn 2144",3,2,1,510000,2014-03-20,-33.8461776607885,151.036262247263,441.970797055811
"286","4/30-32 St Johns Road Auburn 2144",3,2,2,625000,2014-03-19,-33.8714475063008,151.020110990396,2764.38955490545
"287","11/1-3 KENNINGTON OVAL Auburn 2144",3,2,1,510000,2014-03-03,-33.8719987421632,151.021853839523,2756.32197280564
"288","6/6 Kennington Oval Auburn 2144",4,3,2,745000,2014-02-20,-33.8720665517599,151.023033760033,2724.91658939584
"289","8/27-29 Louisa atreet Auburn 2144",3,2,2,635000,2014-02-20,-33.8572866999811,151.035094145236,944.509581324489
"290","6/27-29 Louisa Street Auburn 2144",3,2,2,630000,2014-02-20,-33.8572866999811,151.035094145236,944.509581324489
"291","2/273 - 275 Park road Auburn 2144",3,2,2,515000,2014-02-12,-33.8703318330787,151.025674562448,2466.79457924359
"292","1/27-29 Louisa street Auburn 2144",4,2,2,718000,2014-02-12,-33.8572866999811,151.035094145236,944.509581324489
"293","4/24 Cornwall Rd Auburn 2144",3,1,1,540888,2014-01-23,-33.8701159152529,151.025091349625,2458.94814351965
"294","18 Tarakan Street Auburn 2144",3,3,1,593000,2014-01-03,-33.8738606562251,151.019198117321,3043.541272489
"295","6/27-29 Hargrave Road Auburn 2144",2,2,NA,552000,2013-12-10,-33.8604194362929,151.032031984549,1273.73600200917
"296","6/27-29 Hargrave Rd Auburn 2144",4,2,2,552000,2013-12-10,-33.8604194362929,151.032031984549,1273.73600200917
"297","11/273-275 Park road Auburn 2144",3,2,2,498000,2013-12-09,-33.8703318330787,151.025674562448,2466.79457924359
"298","12/17-21 Kirkham Road Auburn 2144",2,1,1,350000,2013-12-08,-33.8720158412457,151.020772993109,2796.62026797535
"299","1/17-21 Kirkham Rd Auburn 2144",3,2,1,535000,2013-12-08,-33.8720158412457,151.020772993109,2796.62026797535
"300","4/17 St Johns Road Auburn 2144",3,1,1,480500,2013-12-07,-33.87121298065,151.02350582882,2620.7902088594
"301","4/17-21 Kirkham Rd Auburn 2144",3,2,2,543000,2013-12-07,-33.8720158412457,151.020772993109,2796.62026797535
"302","3/4 Cockthorpe Rd Auburn 2144",3,2,1,550000,2013-12-07,-33.8585399202344,151.036536335496,1113.91548610351
"303","2/14 Kennington Oval Auburn 2144",3,2,1,880000,2013-12-07,-33.8727518561635,151.022900403954,2800.96373054896
"304","4/9a-11 Louisa St Auburn 2144",3,1,1,530000,2013-12-06,-33.8563190930785,151.035322635917,844.980192905433
"305","320-322 Chisholm Street Auburn 2144",4,2,2,550000,2013-11-26,-33.871464982569,151.017474378933,2878.75897641245
"306","9/45-47 Marion Street Auburn 2144",3,2,2,603000,2013-11-11,-33.856482749738,151.033953284395,838.648007577693
"307","4/5 New Street Auburn 2144",2,1,1,4e+05,2013-11-07,-33.864862096433,151.023547319241,1966.06938721746
"308","4/5 New Street Auburn 2144",2,1,1,4e+05,2013-11-07,-33.864862096433,151.023547319241,1966.06938721746
"309","3/57 Harrow Road Auburn 2144",2,1,1,450000,2013-11-04,-33.8557431306018,151.030135746594,792.949578737567
"310","3/57 Harrow Rd Auburn 2144",2,1,1,450000,2013-11-04,-33.8557431306018,151.030135746594,792.949578737567
"311","24/277 Park rd Auburn 2144",3,1,2,425000,2013-10-30,-33.8706394489252,151.025656876632,2500.21326241141
"312","11/277 Park road Auburn 2144",3,1,2,399000,2013-10-30,-33.8706394489252,151.025656876632,2500.21326241141
"313","1/45 Edgar Street Auburn 2144",3,3,2,525000,2013-10-21,-33.8541757566175,151.023590569861,1035.70122668688
"314","1/42 Helena Street Auburn 2144",4,3,2,699000,2013-10-21,-33.8576023624547,151.032826840427,957.634491947842
"315","4/14 Kennington Oval Auburn 2144",3,2,1,468000,2013-10-18,-33.8727518561635,151.022900403954,2800.96373054896
"316","7/78 Helena Street Auburn 2144",2,1,1,390000,2013-10-14,-33.8570823491817,151.029387075002,956.541182770238
"317","7/78-80 Helena Street Auburn 2144",2,1,1,390000,2013-10-14,-33.8570823491817,151.029387075002,956.541182770238
"318","6/273-275 Park Road Auburn 2144",3,2,1,465000,2013-10-14,-33.8703318330787,151.025674562448,2466.79457924359
"319","5 PALACE STREET Auburn 2144",3,2,2,406000,2013-10-04,-33.8741180225621,151.020569564319,3019.51463288005
"320","10/39 Wellington Road Auburn 2144",2,2,NA,370000,2013-10-01,-33.8647576160099,151.0245913691,1914.91861588952
"321","2/42 Helena Street Auburn 2144",3,3,2,548000,2013-09-30,-33.8576023624547,151.032826840427,957.634491947842
"322","3/187 Wellington Road Auburn 2144",4,2,2,630000,2013-09-06,-33.8654241030409,151.029974478777,1848.21642865896
"323","7/45-47 Marion Street Auburn 2144",3,3,2,579000,2013-08-12,-33.856482749738,151.033953284395,838.648007577693
"324","7/45 Marion Street Auburn 2144",3,3,2,579000,2013-08-12,-33.856482749738,151.033953284395,838.648007577693
"325","1/7 Kennington Oval Auburn 2144",3,2,2,460000,2013-08-06,-33.8724478026258,151.021767170644,2805.74323397359
"326","1/1 Elsham Road Auburn 2144",2,NA,NA,249950,2013-08-01,-33.8583001139845,151.035225657297,1057.37298138636
"327","2/200 Cumberland Road Auburn 2144",3,1,1,480000,2013-07-19,-33.862023271556,151.023600879602,1685.45650705753
"328","6/305 PARK ROAD Auburn 2144",3,2,2,483000,2013-07-16,-33.8735612127341,151.025262843364,2823.81310025901
"329","2/27 Hargrave Road Auburn 2144",4,2,2,513000,2013-07-15,-33.8604194362929,151.032031984549,1273.73600200917
"330","9/21 Hargrave Road Auburn 2144",3,1,1,410000,2013-07-03,-33.8600562903378,151.032106751125,1232.96332852798
"331","9/21-23 Hargrave Road Auburn 2144",3,1,1,410000,2013-07-03,-33.8600562903378,151.032106751125,1232.96332852798
"332","4/8 Elsham Road Auburn 2144",3,2,1,515000,2013-07-03,-33.8587034511653,151.035949686093,1116.37000298432
"333","1/17 St Johns Road Auburn 2144",3,1,2,481000,2013-07-02,-33.87121298065,151.02350582882,2620.7902088594
"334","2/27 Hargrave Road Auburn 2144",4,2,2,513000,2013-07-01,-33.8604194362929,151.032031984549,1273.73600200917
"335","6/45 Edgar Street Auburn 2144",3,2,2,452000,2013-06-12,-33.8541757566175,151.023590569861,1035.70122668688
"336","4/45 Edgar Street Auburn 2144",3,2,2,454000,2013-06-07,-33.8541757566175,151.023590569861,1035.70122668688
"337","6/45 Edgar Street Auburn 2144",3,2,2,452000,2013-06-01,-33.8541757566175,151.023590569861,1035.70122668688
"338","30/18 COCKTHORPE STREET Auburn 2144",4,2,3,568000,2013-05-20,-33.860634809295,151.036097291408,1328.47980800329
"339","30/18 COCKTHORPE STREET Auburn 2144",4,2,NA,568000,2013-05-20,-33.860634809295,151.036097291408,1328.47980800329
"340","2602/57 Queen Street Auburn 2144",3,2,3,1150000,2013-05-02,-33.8498305361019,151.031656140011,147.553706120765
"341","30/18 Cockthorpe Road Auburn 2144",4,2,3,568000,2013-05-01,-33.860634809295,151.036097291408,1328.47980800329
"342","30/28 elsham road Auburn 2144",4,3,3,3e+06,2013-05-01,-33.8605761778823,151.03583569221,1316.9218263284
"343","6/38 St Johns Road Auburn 2144",3,2,2,465000,2013-04-18,-33.8713482645673,151.019380675172,2784.051224968
"344","1/39 Karrabah Road Auburn 2144",2,2,2,395000,2013-03-18,-33.8438658061642,151.032136003967,575.884112437092
"345","5/7-9 Helena Street Auburn 2144",3,2,2,480000,2013-03-18,-33.8573922281421,151.036245483456,984.082754260867
"346","5/7-9 Helena St Auburn 2144",3,2,2,480000,2013-03-18,-33.8573922281421,151.036245483456,984.082754260867
"347","1/39 Karrabah Rd Auburn 2144",2,2,2,395000,2013-03-18,-33.8438658061642,151.032136003967,575.884112437092
"348","5 Kirkham Road Auburn 2144",3,2,2,465000,2013-03-15,-33.8728033629585,151.021678071014,2845.59388157527
"349","1/39-41 Karrabah Road Auburn 2144",2,2,1,395000,2013-03-01,-33.8438658061642,151.032136003967,575.884112437092
"350","5 Kirkham Raod Auburn 2144",3,2,2,959000,2013-03-01,-33.8728033629585,151.021678071014,2845.59388157527
"351","320-322 Chisholm Street Auburn 2144",4,2,2,550000,2013-02-27,-33.871464982569,151.017474378933,2878.75897641245
"352","6/54 St Johns Road Auburn 2144",3,2,2,449000,2013-02-22,-33.8711478113528,151.017906466042,2828.35646122294
"353","6/54 St Johns Road Auburn 2144",3,2,2,449000,2013-02-22,-33.8711478113528,151.017906466042,2828.35646122294
"354","5a Kirkham Road Auburn 2144",3,2,2,470000,2013-02-13,-33.8728033629585,151.021678071014,2845.59388157527
"355","5/40 St John road Auburn 2144",3,2,1,464000,2013-02-12,-33.8713198499155,151.019171714326,2789.958153938
"356","6/23 Elsham Road Auburn 2144",3,2,1,415000,2013-02-07,-33.8604346913567,151.034795749483,1284.91186134776
"357","3/23 Union Road Auburn 2144",3,2,1,455000,2013-01-10,-33.8567773736346,151.026702267596,1038.19678311671
"358","3/23 Union Road Auburn 2144",3,2,1,455000,2013-01-10,-33.8567773736346,151.026702267596,1038.19678311671
"359","5/40 St Johns Road Auburn 2144",3,2,2,469000,2013-01-01,-33.8713198499155,151.019171714326,2789.958153938
"360","1/17 Macquarie Road Auburn 2144",2,1,1,646000,2013-01-01,-33.8472476526384,151.033707275537,208.86077581674
"361","11/114-120 Auburn Road Auburn 2144",3,1,1,385000,2012-12-14,-33.8580309710736,151.032131980654,1007.8272072202
"362","6/11 Kennington Oval Auburn 2144",3,2,3,490000,2012-11-19,-33.8728033629585,151.021678071014,2845.59388157527
"363","1/4 Cockthorpe Road Auburn 2144",3,2,1,465000,2012-11-01,-33.8585399202344,151.036536335496,1113.91548610351
"364","5/38 ST JOHNS ROAD Auburn 2144",3,2,2,468000,2012-10-06,-33.8713482645673,151.019380675172,2784.051224968
"365","5/38 Street JOHNS ROAD Auburn 2144",3,2,2,468000,2012-10-01,-33.8713482645673,151.019380675172,2784.051224968
"366","4/1-3 KENNINGTON OVAL Auburn 2144",3,1,1,437500,2012-09-27,-33.8719987421632,151.021853839523,2756.32197280564
"367","4/1 Kennington Oval Auburn 2144",3,1,1,437500,2012-09-27,-33.8719987421632,151.021853839523,2756.32197280564
"368","4 / 1-3 KENNINGTON OVAL Auburn 2144",3,1,1,437500,2012-09-27,-33.8719987421632,151.021853839523,2756.32197280564
"369","4/275 PARK Road Auburn 2144",3,2,1,405000,2012-08-11,-33.8703318330787,151.025674562448,2466.79457924359
"370","4/275 PARK RD Auburn 2144",3,2,1,405000,2012-08-11,-33.8703318330787,151.025674562448,2466.79457924359
"371","21/17-21 Kirkham Rd Auburn 2144",2,1,1,375000,2012-08-08,-33.8720158412457,151.020772993109,2796.62026797535
"372","7/29 St Johns Road Auburn 2144",3,2,2,806000,2012-08-01,-33.87105196429,151.022325824491,2642.265415854
"373","21/17-21 Kirkham Street Auburn 2144",2,1,1,492500,2012-08-01,-33.8720158412457,151.020772993109,2796.62026797535
"374","4/273 Park Road Auburn 2144",3,2,NA,405000,2012-08-01,-33.8703318330787,151.025674562448,2466.79457924359
"375","22/17-21 Kirkham Road Auburn 2144",2,1,1,380000,2012-08-01,-33.8720158412457,151.020772993109,2796.62026797535
"376","22/17 Kirkham Road Auburn 2144",2,1,1,380000,2012-08-01,-33.8720158412457,151.020772993109,2796.62026797535
"377","22/17-21 Kirkham Rd Auburn 2144",2,1,1,380000,2012-08-01,-33.8720158412457,151.020772993109,2796.62026797535
"378","6/17 St Johns Road Auburn 2144",3,1,2,420000,2012-07-27,-33.87121298065,151.02350582882,2620.7902088594
"379","12/277 Park Road Auburn 2144",3,1,2,388000,2012-07-05,-33.8706394489252,151.025656876632,2500.21326241141
"380","12/277 Park Rd Auburn 2144",3,1,2,388000,2012-07-05,-33.8706394489252,151.025656876632,2500.21326241141
"381","3/28 Elsham Road Auburn 2144",4,2,3,875000,2012-07-01,-33.8605201029501,151.035390110237,1302.90919549108
"382","6/17 Kirkham Road Auburn 2144",3,2,2,425000,2012-07-01,-33.8720158412457,151.020772993109,2796.62026797535
"383","12A/114 AUBURN ROAD Auburn 2144",2,1,1,388000,2012-06-29,-33.8578299311259,151.031899131384,987.288762362853
"384","18/17 Kirkham Road Auburn 2144",2,1,1,375000,2012-06-27,-33.8720158412457,151.020772993109,2796.62026797535
"385","18/17-21 Kirkham Road Auburn 2144",2,1,1,375000,2012-06-27,-33.8720158412457,151.020772993109,2796.62026797535
"386","18/17-21 Kirkham Rd Auburn 2144",2,1,1,375000,2012-06-27,-33.8720158412457,151.020772993109,2796.62026797535
"387","5/17 Kirkham Road Auburn 2144",3,2,2,403000,2012-06-26,-33.8720158412457,151.020772993109,2796.62026797535
"388","5/17-21 KIRKHAM RD Auburn 2144",3,2,2,405000,2012-06-26,-33.8720158412457,151.020772993109,2796.62026797535
"389","4/305-307 Park Road Auburn 2144",3,2,2,411000,2012-06-23,-33.8735612127341,151.025262843364,2823.81310025901
"390","4/305 Park Road Auburn 2144",3,2,2,411000,2012-06-23,-33.8735612127341,151.025262843364,2823.81310025901
"391","4/305-307 Park Rd Auburn 2144",3,2,2,411000,2012-06-23,-33.8735612127341,151.025262843364,2823.81310025901
"392","3/35-37 Elsham Road Auburn 2144",4,2,1,560000,2012-06-20,-33.8610523118922,151.034672451687,1351.62586528711
"393","18/17-21 Kirkham Street Auburn 2144",2,1,1,375000,2012-06-01,-33.8720158412457,151.020772993109,2796.62026797535
"394","15/48 St Hilliers Road Auburn 2144",2,2,1,409000,2012-06-01,-33.8492982433407,151.038142643421,485.826582319433
"395","4/35-37 Elsham Road Auburn 2144",4,2,1,460000,2012-06-01,-33.8610523118922,151.034672451687,1351.62586528711
"396","1/27 Hargrave Road Auburn 2144",4,2,2,460000,2012-05-23,-33.8604194362929,151.032031984549,1273.73600200917
"397","1/27-29 Hargrave Rd Auburn 2144",4,2,2,460000,2012-05-23,-33.8604194362929,151.032031984549,1273.73600200917
"398","8/35 Elsham Road Auburn 2144",2,1,NA,458000,2012-05-09,-33.8610523118922,151.034672451687,1351.62586528711
"399","8/35-37 Elsham Road Auburn 2144",2,2,1,458000,2012-05-09,-33.8610523118922,151.034672451687,1351.62586528711
"400","8/35-39 Elsham Road Auburn 2144",2,2,1,458000,2012-05-09,-33.8610523118922,151.034672451687,1351.62586528711
"401","8/35-37 Elsham Road Auburn 2144",2,2,1,458000,2012-05-09,-33.8610523118922,151.034672451687,1351.62586528711
"402","4/38 Macquarie Road Auburn 2144",2,1,1,290000,2012-05-01,-33.8457549614114,151.033783383218,370.35358464682
"403","6/21 Hargrave Road Auburn 2144",3,2,1,375000,2012-05-01,-33.8600562903378,151.032106751125,1232.96332852798
"404","35-37 Elsham Road Auburn 2144",2,2,1,485500,2012-05-01,-33.8610523118922,151.034672451687,1351.62586528711
"405","7/57 Harrow Road Auburn 2144",3,2,1,375000,2012-04-23,-33.8557431306018,151.030135746594,792.949578737567
"406","7/57 Harrow Rd Auburn 2144",3,2,1,375000,2012-04-23,-33.8557431306018,151.030135746594,792.949578737567
"407","12/28 Elsham Road Auburn 2144",3,2,1,650000,2012-04-01,-33.8609636313566,151.03557861924,1354.61091686964
"408","29/137 Auburn Road Auburn 2144",2,2,1,310000,2012-04-01,-33.8558033545761,151.031177533339,773.905611528079
"409","4 Olive Way Auburn 2144",2,1,1,528000,2012-04-01,-33.8748227310715,151.020257422244,3103.04996502393
"410","11/181 Auburn Road Auburn 2144",2,1,2,365000,2012-03-23,-33.858219647714,151.030773944701,1044.97692582532
"411","3/35 Wellington Road Auburn 2144",3,2,2,438000,2012-03-23,-33.8647576160099,151.0245913691,1914.91861588952
"412","11/181 Auburn Rd Auburn 2144",2,1,2,365000,2012-03-23,-33.858219647714,151.030773944701,1044.97692582532
"413","3/35-37 Elsham Rd Auburn 2144",4,2,2,560000,2012-03-17,-33.8610523118922,151.034672451687,1351.62586528711
"414","2/35-37 Elsham Road Auburn 2144",3,2,2,525000,2012-03-15,-33.8610523118922,151.034672451687,1351.62586528711
"415","2/35-39 Elsham Road Auburn 2144",3,2,2,525000,2012-03-15,-33.8610523118922,151.034672451687,1351.62586528711
"416","2/35-37 Elsham Rd Auburn 2144",3,2,2,525000,2012-03-15,-33.8610523118922,151.034672451687,1351.62586528711
"417","19/17 Kirkham Road Auburn 2144",2,1,1,380000,2012-03-09,-33.8720158412457,151.020772993109,2796.62026797535
"418","19/17-21 Kirkham Rd Auburn 2144",2,1,1,380000,2012-03-09,-33.8720158412457,151.020772993109,2796.62026797535
"419","3/69 Macquarie Road Auburn 2144",3,1,1,6e+05,2012-03-01,-33.8436909177544,151.036498868389,678.230620062844
"420","3/35-37 Elsham Road Auburn 2144",4,2,2,848000,2012-03-01,-33.8610523118922,151.034672451687,1351.62586528711
"421","5 45 Edgar Street Auburn 2144",3,2,1,415000,2012-03-01,-33.8541757566175,151.023590569861,1035.70122668688
"422","19/17-21 Kirkham Street Auburn 2144",2,1,1,380000,2012-03-01,-33.8720158412457,151.020772993109,2796.62026797535
"423","20/17 Kirkham Road Auburn 2144",2,1,1,390000,2012-02-17,-33.8720158412457,151.020772993109,2796.62026797535
"424","20/17-21 Kirkham Rd Auburn 2144",2,1,1,390000,2012-02-17,-33.8720158412457,151.020772993109,2796.62026797535
"425","5/71 Station Road Auburn 2144",3,2,2,401000,2012-02-10,-33.8454977208029,151.038620998635,657.087688213328
"426","20/17-21 Kirkham Street Auburn 2144",2,1,1,390000,2012-02-01,-33.8720158412457,151.020772993109,2796.62026797535
"427","18 COCKTHORPE RD Auburn 2144",3,2,2,435000,2012-01-30,-33.8606152794606,151.036294349952,1330.53850761484
"428","6/35 Elsham Road Auburn 2144",2,1,NA,458000,2012-01-23,-33.8610523118922,151.034672451687,1351.62586528711
"429","6/35-37 Elsham Road Auburn 2144",2,2,1,458000,2012-01-23,-33.8610523118922,151.034672451687,1351.62586528711
"430","6/35-37 Elsham Rd Auburn 2144",2,2,1,458000,2012-01-23,-33.8610523118922,151.034672451687,1351.62586528711
"431","8/30 St Johns Road Auburn 2144",3,2,2,510000,2012-01-18,-33.8714475063008,151.020110990396,2764.38955490545
"432","8/30-32 St Johns Road Auburn 2144",3,2,2,510000,2012-01-18,-33.8714475063008,151.020110990396,2764.38955490545
"433","5/45 Edgar Street Auburn 2144",3,2,2,705000,2012-01-01,-33.8541757566175,151.023590569861,1035.70122668688
"434","21-23 HARGRAVE Road Auburn 2144",3,1,2,367000,2011-12-25,-33.8600562903378,151.032106751125,1232.96332852798
"435","21-23 HARGRAVE RD Auburn 2144",3,1,2,367000,2011-12-25,-33.8600562903378,151.032106751125,1232.96332852798
"436","4/165 Rawson Street Auburn 2144",3,2,2,395000,2011-12-21,-33.8467175810815,151.031100587468,303.696394673208
"437","4/165 Rawson St Auburn 2144",3,2,2,395000,2011-12-21,-33.8467175810815,151.031100587468,303.696394673208
"438","6/29 St Johns Road Auburn 2144",3,2,2,370000,2011-12-13,-33.87105196429,151.022325824491,2642.265415854
"439","9/30 St Johns Road Auburn 2144",2,2,NA,510000,2011-12-09,-33.8714475063008,151.020110990396,2764.38955490545
"440","9/30-32 St Johns Road Auburn 2144",3,2,2,510000,2011-12-09,-33.8714475063008,151.020110990396,2764.38955490545
"441","9/30-32 St Johns Road Auburn 2144",3,2,2,510000,2011-12-09,-33.8714475063008,151.020110990396,2764.38955490545
"442","4/18 Provincial Street Auburn 2144",3,2,1,469000,2011-12-07,-33.8564130123036,151.026897817397,994.423035014337
"443","4/18 Provincial Street Auburn 2144",3,2,1,469000,2011-12-07,-33.8564130123036,151.026897817397,994.423035014337
"444","4 Embers Way Auburn 2144",2,1,1,432500,2011-12-01,-33.8735656551428,151.017444036443,3085.36748252625
"445","12/35 Harrow Road Auburn 2144",3,2,2,750000,2011-12-01,-33.8537400652905,151.030618376579,568.260584736602
"446","6/29 St Johns Road Auburn 2144",3,2,2,1150000,2011-12-01,-33.87105196429,151.022325824491,2642.265415854
"447","1/23 Union Road Auburn 2144",3,2,4,438000,2011-11-25,-33.8567773736346,151.026702267596,1038.19678311671
"448","57 HARROW Road Auburn 2144",3,1,1,370000,2011-11-21,-33.8557431306018,151.030135746594,792.949578737567
"449","57 HARROW RD Auburn 2144",3,1,1,370000,2011-11-21,-33.8557431306018,151.030135746594,792.949578737567
"450","9/35-39 Deakin Street Auburn 2144",3,2,2,510000,2011-11-21,-33.8406055391955,151.041450645328,1224.01622473663
"451","3/109 Park Road Auburn 2144",3,2,2,401000,2011-11-15,-33.8592720794767,151.028015041271,1229.42729902121
"452","3/109 PARK RD Auburn 2144",3,2,NA,401000,2011-11-15,-33.8592720794767,151.028015041271,1229.42729902121
"453","10/21 Hargrave Road Auburn 2144",3,1,NA,816000,2011-11-01,-33.8600562903378,151.032106751125,1232.96332852798
"454","6/57 Harrow Road Auburn 2144",2,2,1,372000,2011-11-01,-33.8557431306018,151.030135746594,792.949578737567
"455","1/1-3 Kennington Oval Auburn 2144",3,1,2,382000,2011-10-26,-33.8719987421632,151.021853839523,2756.32197280564
"456","13/28 Elsham Road Auburn 2144",3,2,1,417000,2011-10-07,-33.8609769585826,151.035631928144,1356.97808076052
"457","1 Embers Way Auburn 2144",2,1,1,1430000,2011-10-01,-33.8732082507914,151.01733783773,3054.77180396668
"458","1/29 St Johns Road Auburn 2144",3,2,2,370000,2011-10-01,-33.87105196429,151.022325824491,2642.265415854
"459","1/1 Kennington Oval OVAL Auburn 2144",3,1,2,1315000,2011-10-01,-33.8719987421632,151.021853839523,2756.32197280564
"460","1/38 Macquarie Road Auburn 2144",2,NA,NA,307000,2011-10-01,-33.8457549614114,151.033783383218,370.35358464682
"461","3/5 Northcote Street Auburn 2144",2,1,1,368800,2011-10-01,-33.8497454178751,151.02827747866,435.339906428343
"462","2/38 Macquarie Road Auburn 2144",2,1,1,3e+05,2011-10-01,-33.8457549614114,151.033783383218,370.35358464682
"463","3/17 - 21 Kirkham Rd Auburn 2144",3,2,2,440000,2011-09-27,-33.8720158412457,151.020772993109,2796.62026797535
"464","3/24 Hevington Road Auburn 2144",3,2,1,747000,2011-09-11,-33.8604060252478,151.034219828916,1275.56180799798
"465","3/17-21 Kirkham Street Auburn 2144",3,2,2,440000,2011-09-01,-33.8720158412457,151.020772993109,2796.62026797535
"466","3 17 - 21 Kirkham Road Auburn 2144",3,2,2,440000,2011-09-01,-33.8720158412457,151.020772993109,2796.62026797535
"467","3/17 Kirkham Road Auburn 2144",3,2,2,438000,2011-09-01,-33.8720158412457,151.020772993109,2796.62026797535
"468","15 Coachwood Street Auburn 2144",3,2,2,1075000,2011-09-01,-33.8735993503936,151.017623995905,3081.0328139753
"469","3/17-21 Kirkham Road Auburn 2144",3,2,2,440000,2011-09-01,-33.8720158412457,151.020772993109,2796.62026797535
"470","5/56-58 SUSAN STREET Auburn 2144",3,2,2,488000,2011-09-01,-33.8568291318867,151.033317936134,872.390992177545
"471","3/58-60 Helena Street Auburn 2144",3,1,1,4e+05,2011-08-18,-33.8573175034753,151.030955077629,943.196857271077
"472","7/78 Helena Street Auburn 2144",2,1,1,1075000,2011-08-01,-33.8570823491817,151.029387075002,956.541182770238
"473","3/58-60 Helena Street Auburn 2144",3,1,1,1075000,2011-08-01,-33.8573175034753,151.030955077629,943.196857271077
"474","4/33 Macquarie Road Auburn 2144",3,2,NA,326000,2011-07-29,-33.8456274726641,151.034940672589,420.168582028118
"475","4/33 Macquarie Rd Auburn 2144",3,2,NA,326000,2011-07-29,-33.8456274726641,151.034940672589,420.168582028118
"476","22/277 Park Road Auburn 2144",3,1,1,320000,2011-07-27,-33.8706394489252,151.025656876632,2500.21326241141
"477","5/69 Macquarie Road Auburn 2144",3,1,1,380000,2011-07-16,-33.8436909177544,151.036498868389,678.230620062844
"478","2/2A Gordon Road Auburn 2144",3,1,2,395000,2011-07-07,-33.8556445594205,151.026929836267,922.896392670249
"479","2/2A Gordon Road Auburn 2144",3,1,2,395000,2011-07-07,-33.8556445594205,151.026929836267,922.896392670249
"480","11/128 Auburn Road Auburn 2144",3,1,1,382000,2011-07-01,-33.8585812849265,151.031899801936,1070.58426706892
"481","6/167-171 Rawson Street Auburn 2144",4,1,1,440000,2011-06-17,-33.846597300771,151.030862289961,327.155143369656
"482","6/167 Rawson Street Auburn 2144",4,1,1,440000,2011-06-17,-33.846597300771,151.030862289961,327.155143369656
"483","6/167 Rawson St Auburn 2144",4,1,1,440000,2011-06-17,-33.846597300771,151.030862289961,327.155143369656
"484","9/24 Norval Street Auburn 2144",3,2,2,425000,2011-06-05,-33.8599075115565,151.034442368445,1222.5618752164
"485","7/24 Norval Street Auburn 2144",3,2,2,795000,2011-06-04,-33.8599075115565,151.034442368445,1222.5618752164
"486","2/42 Helena Street Auburn 2144",3,3,2,762000,2011-05-30,-33.8576023624547,151.032826840427,957.634491947842
"487","3/8 Elsham Road Auburn 2144",3,2,2,455000,2011-05-27,-33.8587034511653,151.035949686093,1116.37000298432
"488","3/8 Elsham Road Auburn 2144",3,2,2,455000,2011-05-27,-33.8587034511653,151.035949686093,1116.37000298432
"489","6/44 Park Road Auburn 2144",2,1,1,377500,2011-05-01,-33.8530654059039,151.030221996377,515.854217412952
"490","1/8 Dartbrook Road Auburn 2144",3,1,2,815000,2011-05-01,-33.8498482638271,151.036086143477,309.328554950341
"491","30-32 St Johns Road Auburn 2144",3,2,2,5e+05,2011-04-29,-33.8714475063008,151.020110990396,2764.38955490545
"492","8/17-21 Kirkham Road Auburn 2144",3,2,2,426000,2011-04-13,-33.8720158412457,151.020772993109,2796.62026797535
"493","8/17-21 Kirkham Rd Auburn 2144",3,2,2,426000,2011-04-13,-33.8720158412457,151.020772993109,2796.62026797535
"494","4/8 dartbrook Road Auburn 2144",3,1,2,680000,2011-04-01,-33.8498482638271,151.036086143477,309.328554950341
"495","1/45 Edgar Street Auburn 2144",3,2,2,375000,2011-03-30,-33.8541757566175,151.023590569861,1035.70122668688
"496","12/30-32 St Johns Road Auburn 2144",3,2,3,470000,2011-03-16,-33.8714475063008,151.020110990396,2764.38955490545
"497","3/75 Dartbrook Road Auburn 2144",3,1,1,355000,2011-02-14,-33.8472284161706,151.039104047715,606.537590758241
"498","3/75 Dartbrook Rd Auburn 2144",3,1,1,355000,2011-02-14,-33.8472284161706,151.039104047715,606.537590758241
"499","10/17 Macquarie Road Auburn 2144",2,1,1,3e+05,2011-02-12,-33.8472476526384,151.033707275537,208.86077581674
"500","10/17 Macquarie Rd Auburn 2144",2,1,1,3e+05,2011-02-12,-33.8472476526384,151.033707275537,208.86077581674
"501","8/17 Macquarie Road Auburn 2144",2,1,1,885000,2011-02-01,-33.8472476526384,151.033707275537,208.86077581674
"502","4/24 Helena Street Auburn 2144",3,1,1,380000,2011-02-01,-33.8578951842421,151.034867666212,1006.77703478869
"503","11/273-275 PARK ROAD Auburn 2144",3,1,2,374000,2010-12-18,-33.8703318330787,151.025674562448,2466.79457924359
"504","1/17-21 Kirkham Road Auburn 2144",3,2,1,425000,2010-12-14,-33.8720158412457,151.020772993109,2796.62026797535
"505","11/17-21 kirkham Road Auburn 2144",3,2,1,425000,2010-12-14,-33.8720158412457,151.020772993109,2796.62026797535
"506","1/17-21 Kirkham Rd Auburn 2144",3,2,1,425000,2010-12-14,-33.8720158412457,151.020772993109,2796.62026797535
"507","11/273-275 PARK ROAD Auburn 2144",3,1,2,1230000,2010-12-01,-33.8703318330787,151.025674562448,2466.79457924359
"508","1/17-21 Kirkham Street Auburn 2144",3,2,2,780000,2010-12-01,-33.8720158412457,151.020772993109,2796.62026797535
"509","13/17-21 Kirkham Street Auburn 2144",2,1,1,398000,2010-12-01,-33.8720158412457,151.020772993109,2796.62026797535
"510","39 Karrabah Road Auburn 2144",3,2,2,380000,2010-11-30,-33.8438658061642,151.032136003967,575.884112437092
"511","39 Karrabah Rd Auburn 2144",3,2,2,380000,2010-11-30,-33.8438658061642,151.032136003967,575.884112437092
"512","13/17-21 Kirkham Road Auburn 2144",2,1,1,398000,2010-11-29,-33.8720158412457,151.020772993109,2796.62026797535
"513","20/17-21 Kirkham Road Auburn 2144",2,1,1,398000,2010-11-29,-33.8720158412457,151.020772993109,2796.62026797535
"514","13/17-21 Kirkham Rd Auburn 2144",2,1,1,398000,2010-11-29,-33.8720158412457,151.020772993109,2796.62026797535
"515","4/181 Auburn Road Auburn 2144",2,1,1,355000,2010-11-24,-33.8587656029774,151.030811663266,1104.11167137706
"516","4/181 Auburn Rd Auburn 2144",2,1,1,355000,2010-11-24,-33.8587656029774,151.030811663266,1104.11167137706
"517","5/9 Raglan Road Auburn 2144",3,2,1,380000,2010-11-10,-33.873348438122,151.023006183572,2860.5959983696
"518","5/9 Raglan Road Auburn 2144",3,2,1,380000,2010-11-10,-33.873348438122,151.023006183572,2860.5959983696
"519","2/27-29 Hargrave Road Auburn 2144",4,2,2,1100000,2010-11-01,-33.8604194362929,151.032031984549,1273.73600200917
"520","18 Tarakan Street Auburn 2144",3,2,2,1777000,2010-11-01,-33.8738606562251,151.019198117321,3043.541272489
"521","3/29 St Johns Street Auburn 2144",3,2,2,380000,2010-10-17,-33.87105196429,151.022325824491,2642.265415854
"522","5/3-5 Louisa Street Auburn 2144",4,3,2,1238888,2010-10-01,-33.8558867545127,151.035424727497,801.373811281352
"523","25 Coachwood Street Auburn 2144",3,2,2,465000,2010-09-21,-33.8739321119496,151.017556689222,3116.82736654079
"524","3/277 Park Road Auburn 2144",3,1,1,318500,2010-09-13,-33.8706394489252,151.025656876632,2500.21326241141
"525","17-21 Kirkham Road Auburn 2144",2,1,1,419000,2010-08-28,-33.8720158412457,151.020772993109,2796.62026797535
"526","8/181 Auburn Road Auburn 2144",2,2,1,708000,2010-08-01,-33.8584845577639,151.030733041014,1074.65299632075
"527","5/42 Norval Street Auburn 2144",2,1,1,972000,2010-08-01,-33.8594713173152,151.030523828711,1186.17922827301
"528","3/1 Elsham Road Auburn 2144",1,1,NA,1250000,2010-08-01,-33.8583001139845,151.035225657297,1057.37298138636
"529","6/69 Macquarie Road Auburn 2144",3,1,1,590000,2010-08-01,-33.8436909177544,151.036498868389,678.230620062844
"530","17-21 Kirkham Road Auburn 2144",2,1,1,419000,2010-07-28,-33.8720158412457,151.020772993109,2796.62026797535
"531","2/8 Dartbrook Road Auburn 2144",3,1,2,425000,2010-06-05,-33.8498482638271,151.036086143477,309.328554950341
"532","2/5 New Street Auburn 2144",3,1,1,870000,2010-06-01,-33.864862096433,151.023547319241,1966.06938721746
"533","1/44 Macquarie Road Auburn 2144",4,1,2,435000,2010-05-05,-33.8454270194496,151.034042132569,411.520561411317
"534","1/44 Macquarie Rd Auburn 2144",4,1,2,435000,2010-05-05,-33.8454270194496,151.034042132569,411.520561411317
"535","7/68 Dartbrook Road Auburn 2144",3,2,1,610000,2010-05-01,-33.8455105451148,151.039397414326,715.360892679934
"536","14/17 Kirkham Road Auburn 2144",3,1,1,1270000,2010-05-01,-33.8720158412457,151.020772993109,2796.62026797535
"537","9/181 Auburn Road Auburn 2144",3,1,1,325000,2010-05-01,-33.8583942427572,151.030745027135,1064.56915315408
"538","9/181 Auburn Road Auburn 2144",3,1,1,325000,2010-05-01,-33.8583942427572,151.030745027135,1064.56915315408
"539","54 Raglan Road Auburn 2144",2,1,1,353000,2010-04-08,-33.873207244963,151.01816370665,3019.47212676857
"540","34 Palace Street Auburn 2144",3,2,2,1038888,2010-04-01,-33.8751728012577,151.020743824086,3122.72422561615
"541","4/71 Station Road Auburn 2144",3,1,2,1043888,2010-04-01,-33.8454977208029,151.038620998635,657.087688213328
"542","1/277 Park Road Auburn 2144",3,1,1,317000,2010-03-12,-33.8706394489252,151.025656876632,2500.21326241141
"543","2/75 Dartbrook Road Auburn 2144",2,1,1,420000,2010-03-01,-33.8472284161706,151.039104047715,606.537590758241
"544","14/1 Kennington Oval OVAL Auburn 2144",3,2,3,895000,2010-03-01,-33.8719987421632,151.021853839523,2756.32197280564
"545","1/71 Station Road Auburn 2144",3,1,2,1750000,2010-02-20,-33.8454977208029,151.038620998635,657.087688213328
"546","8 Ettalong Street Auburn 2144",2,1,1,435000,2010-02-09,-33.8615940342944,151.024940475367,1583.32688315836
"547","8 ETTALONG STREET Auburn 2144",2,1,1,435000,2010-02-09,-33.8615940342944,151.024940475367,1583.32688315836
"548","1/3-5 LOUISA Street Auburn 2144",3,2,2,548000,2010-02-01,-33.8558867545127,151.035424727497,801.373811281352
"549","3/78 Water Street Auburn 2144",3,2,1,316500,2010-01-18,-33.8612594706292,151.033325731304,1365.28541060162
"550","3/78 Water Street Auburn 2144",3,2,1,316500,2010-01-15,-33.8612594706292,151.033325731304,1365.28541060162
"551","2/89 Harrow Road Auburn 2144",2,1,1,345000,2010-01-01,-33.8596412604021,151.029519173796,1225.11743781502
"552","31/35 HARROW ROAD Auburn 2144",3,2,2,396800,2009-12-18,-33.8537400652905,151.030618376579,568.260584736602
"553","2/14 Kennington Oval OVAL Auburn 2144",3,2,1,1055000,2009-10-01,-33.8727518561635,151.022900403954,2800.96373054896
"554","4/17-21 Kirkham Road Auburn 2144",3,2,2,748000,2009-10-01,-33.8720158412457,151.020772993109,2796.62026797535
"555","181 Auburn Road Auburn 2144",2,1,1,325000,2009-09-08,-33.8583942427572,151.030745027135,1064.56915315408
"556","5/9-11 Louisa Street Auburn 2144",3,2,1,680111,2009-09-01,-33.8561698532925,151.035358007548,829.862306503216
"557","20/28 Elsham Road Auburn 2144",4,2,2,1095000,2009-09-01,-33.8607694645695,151.035770900098,1336.78176969118
"558","3/44 Park Road Auburn 2144",2,1,1,271000,2009-09-01,-33.8530654059039,151.030221996377,515.854217412952
"559","5/39-41 Karrabah Road Auburn 2144",3,2,1,380000,2009-08-01,-33.8438658061642,151.032136003967,575.884112437092
"560","3/4 Cockthorpe Road Auburn 2144",3,2,1,405000,2009-08-01,-33.8585399202344,151.036536335496,1113.91548610351
"561","3/181 Auburn Road Auburn 2144",3,1,1,440000,2009-08-01,-33.8587753678946,151.0309073846,1103.67054784904
"562","5 NORTHCOTE STREET Auburn 2144",2,1,1,331500,2009-07-15,-33.8497454178751,151.02827747866,435.339906428343
"563","9/305 Park Road Auburn 2144",3,2,2,345000,2009-07-09,-33.8735612127341,151.025262843364,2823.81310025901
"564","2/27-29 Cockthorpe Road Auburn 2144",3,3,3,715000,2009-07-03,-33.8602434582358,151.036894075124,1304.9433823572
"565","9/17-21 Kirkham Road Auburn 2144",3,2,2,445000,2009-07-01,-33.8720158412457,151.020772993109,2796.62026797535
"566","6/60 Northumberland Road Auburn 2144",2,1,1,850000,2009-07-01,-33.8454553083728,151.035835776029,478.930549895042
"567","3/64 Harrow Road Auburn 2144",3,2,1,345000,2009-07-01,-33.8574419747374,151.03055500939,964.437100430219
"568","2/5 Northcote Street Auburn 2144",2,1,1,720000,2009-06-20,-33.8497454178751,151.02827747866,435.339906428343
"569","17 MACQUARIE ROAD Auburn 2144",2,1,1,260000,2009-06-12,-33.8472476526384,151.033707275537,208.86077581674
"570","15/17 Kirkham Road Auburn 2144",3,2,2,425000,2009-06-01,-33.8720158412457,151.020772993109,2796.62026797535
"571","3/21 Hargrave Road Auburn 2144",3,1,1,305000,2009-06-01,-33.8600562903378,151.032106751125,1232.96332852798
"572","10/277 Park Road Auburn 2144",3,1,1,311000,2009-05-27,-33.8706394489252,151.025656876632,2500.21326241141
"573","4/38 ST JOHNS ROAD Auburn 2144",3,2,2,395000,2009-05-21,-33.8713482645673,151.019380675172,2784.051224968
"574","5/23 Elsham Road Auburn 2144",3,1,1,615000,2009-05-01,-33.8604346913567,151.034795749483,1284.91186134776
"575","2/4 Cockthorpe Road Auburn 2144",4,2,1,415000,2009-04-01,-33.8585399202344,151.036536335496,1113.91548610351
"576","7/61 Station Road Auburn 2144",3,2,2,410000,2009-03-28,-33.846225228089,151.038006605132,564.189874343718
"577","7/21 Hargrave Road Auburn 2144",3,1,2,3e+05,2009-03-01,-33.8600562903378,151.032106751125,1232.96332852798
"578","7/27-29 Hargrave Road Auburn 2144",4,2,2,412000,2009-02-26,-33.8604194362929,151.032031984549,1273.73600200917
"579","5/45 Marion Street Auburn 2144",3,2,2,425000,2009-02-01,-33.856482749738,151.033953284395,838.648007577693
"580","2/24 Norval Street Auburn 2144",4,2,1,385000,2009-02-01,-33.8599075115565,151.034442368445,1222.5618752164
"581","5/128 Auburn Road Auburn 2144",3,1,1,73000,2009-02-01,-33.858837310159,151.031968030628,1098.46839914172
"582","11/58 Helena Street Auburn 2144",3,1,1,370000,2009-02-01,-33.8579273288408,151.030857847552,1011.55917592596
"583","2/42 Norval Street Auburn 2144",2,1,1,3e+05,2009-02-01,-33.8594713173152,151.030523828711,1186.17922827301
"584","9/1 Elsham Road Auburn 2144",2,1,NA,680000,2009-01-01,-33.8583001139845,151.035225657297,1057.37298138636
"585","1/8 - 10 Edgar Street Auburn 2144",4,2,2,387500,2008-12-12,-33.8555526518522,151.028095172266,854.044083546
"586","3/5 New Street Auburn 2144",2,1,1,286000,2008-12-05,-33.864862096433,151.023547319241,1966.06938721746
"587","3/5 New Street Auburn 2144",2,1,1,286000,2008-12-05,-33.864862096433,151.023547319241,1966.06938721746
"588","1/8 Edgar Street Auburn 2144",4,3,2,387500,2008-12-01,-33.8555526518522,151.028095172266,854.044083546
"589","8/1 Elsham Road Auburn 2144",2,1,NA,220000,2008-12-01,-33.8583001139845,151.035225657297,1057.37298138636
"590","101 NORTHUMBERLAND ROAD Auburn 2144",2,1,1,250000,2008-10-21,-33.8433290290848,151.038381108566,809.522828791063
"591","101 NORTHUMBERLAND ROAD Auburn 2144",2,1,NA,250000,2008-10-21,-33.8433290290848,151.038381108566,809.522828791063
"592","4/69 MACQUARIE ROAD Auburn 2144",3,1,1,300500,2008-09-22,-33.8436909177544,151.036498868389,678.230620062844
"593","4/69 MACQUARIE ROAD Auburn 2144",3,1,1,300500,2008-09-22,-33.8436909177544,151.036498868389,678.230620062844
"594","2/7 Queen Street Auburn 2144",3,1,1,276000,2008-08-01,-33.8534161885518,151.034665075613,517.982674703105
"595","5/75 Dartbrook Road Auburn 2144",2,1,1,782000,2008-03-01,-33.8472284161706,151.039104047715,606.537590758241
"596","3/167 Rawson Street Auburn 2144",4,NA,NA,340000,2007-10-01,-33.846597300771,151.030862289961,327.155143369656
"597","30 Tarakan Street Auburn 2144",2,1,1,305000,2007-08-01,-33.8741450122903,151.019369443422,3065.85691413929
"598","4 Tarakan Street Auburn 2144",3,1,1,570000,2007-08-01,-33.8733895513571,151.01929685614,2992.08869019224
"599","3/43 Station Road Auburn 2144",3,3,2,270000,2007-07-01,-33.8471242291141,151.037338735087,460.443173368201
"600","6/273 Park Road Auburn 2144",3,2,1,310000,2007-07-01,-33.8703318330787,151.025674562448,2466.79457924359
"601","1/33 Macquarie Road Auburn 2144",2,1,1,925000,2007-07-01,-33.8456274726641,151.034940672589,420.168582028118
"602","4/45 Edgar Street Auburn 2144",3,2,2,336000,2007-06-01,-33.8541757566175,151.023590569861,1035.70122668688
"603","1/72 Water Street Auburn 2144",3,2,2,378000,2007-06-01,-33.8612766954402,151.033900478405,1369.76159602614
"604","4/301 Park Road Auburn 2144",3,1,1,308000,2007-06-01,-33.872898371831,151.02539385251,2749.35039484929
"605","1/75 Dartbrook Road Auburn 2144",3,1,2,765000,2007-06-01,-33.8472284161706,151.039104047715,606.537590758241
"606","1/24 Cornwall Road Auburn 2144",3,NA,NA,320000,2007-05-01,-33.8701159152529,151.025091349625,2458.94814351965
"607","4/54 St Johns Road Auburn 2144",3,2,2,1651000,2007-04-01,-33.8711478113528,151.017906466042,2828.35646122294
"608","2/11 New Street Auburn 2144",2,1,2,275000,2007-04-01,-33.8652530283971,151.023540362261,2005.52180406639
"609","17 Kirkham Road Auburn 2144",3,2,2,980000,2007-03-01,-33.8720158412457,151.020772993109,2796.62026797535
"610","21/17-21 Kirkham Road Auburn 2144",2,1,1,5e+05,2007-03-01,-33.8720158412457,151.020772993109,2796.62026797535
"611","19/17-21 Kirkham Road Auburn 2144",2,1,1,1470000,2007-03-01,-33.8720158412457,151.020772993109,2796.62026797535
"612","1/57 Mary Street Auburn 2144",4,3,NA,1050000,2007-02-01,-33.8505286229078,151.023119339264,920.103597070674
"613","13 Raglan Road Auburn 2144",3,2,2,450000,2006-12-01,-33.8734114281244,151.0226279921,2878.58254704074
"614","11 Raglan Road Auburn 2144",3,2,2,450000,2006-12-01,-33.8733977237127,151.022635368175,2876.91748401069
"615","1/64 Harrow Road Auburn 2144",3,2,NA,1060000,2006-12-01,-33.8574419747374,151.03055500939,964.437100430219
"616","5/18 Macquarie Road Auburn 2144",3,1,2,334000,2006-12-01,-33.8468135538729,151.033020378572,243.648385212055
"617","3/25 Macquarie Road Auburn 2144",2,1,1,280000,2006-11-01,-33.8459711726038,151.034663399232,374.514969263638
"618","3/38 Cornwall Road Auburn 2144",2,1,1,270000,2006-10-01,-33.8699705311423,151.023982591473,2475.69715206512
"619","1/54 St Johns Road Auburn 2144",3,3,2,618000,2006-10-01,-33.8711478113528,151.017906466042,2828.35646122294
"620","6/33 Macquarie Road Auburn 2144",2,1,1,233000,2006-10-01,-33.8456274726641,151.034940672589,420.168582028118
"621","3 Louisa Street Auburn 2144",3,2,2,1057000,2006-09-01,-33.8558867545127,151.035424727497,801.373811281352
"622","6/110 Auburn Road Auburn 2144",3,1,2,302500,2006-07-01,-33.8568831532527,151.031967360076,881.774055529377
"623","16 Elsham Road Auburn 2144",9,4,4,1250000,2006-06-01,-33.8591917808443,151.035852204559,1166.90840588218
"624","7/33 Macquarie Road Auburn 2144",2,1,1,470000,2006-06-01,-33.8456274726641,151.034940672589,420.168582028118
"625","2/4 Simpson Street Auburn 2144",3,1,1,465000,2006-05-01,-33.847183363441,151.040098728165,695.587728615992
"626","4/27 Hargrave Road Auburn 2144",4,2,2,378000,2006-04-01,-33.8604194362929,151.032031984549,1273.73600200917
"627","2/24 Cornwall Road Auburn 2144",3,1,1,320000,2006-02-01,-33.8701159152529,151.025091349625,2458.94814351965
"628","4/42 Norval Street Auburn 2144",2,1,1,530000,2006-01-01,-33.8594713173152,151.030523828711,1186.17922827301
"629","5/27 Hargrave Road Auburn 2144",4,2,1,415000,2005-12-01,-33.8604194362929,151.032031984549,1273.73600200917
"630","9/114 Auburn Road Auburn 2144",3,2,1,381800,2005-12-01,-33.8578727626511,151.032156958725,990.097181614555
"631","3/38 St Johns Road Auburn 2144",3,2,2,1200000,2005-12-01,-33.8713482645673,151.019380675172,2784.051224968
"632","4/128 Auburn Road Auburn 2144",3,1,1,555000,2005-11-01,-33.8588287606178,151.031904076707,1097.99955047668
"633","138 Cumberland Road Auburn 2144",2,1,1,1125000,2005-10-01,-33.8575525739498,151.024436890625,1232.30207427255
"634","4/80 Harrow Road Auburn 2144",3,2,2,282000,2005-08-01,-33.8583988947134,151.03039659142,1071.57029345613
"635","7/23 Elsham Road Auburn 2144",3,1,1,440000,2005-07-01,-33.8604346913567,151.034795749483,1284.91186134776
"636","1/7 Helena Street Auburn 2144",3,2,2,1001730,2005-06-01,-33.8573922281421,151.036245483456,984.082754260867
"637","3/40 St Johns Road Auburn 2144",3,2,2,1270000,2005-05-01,-33.8713198499155,151.019171714326,2789.958153938
"638","8/1 Kennington Oval OVAL Auburn 2144",3,1,1,324500,2005-05-01,-33.8719987421632,151.021853839523,2756.32197280564
"639","7/305 Park Road Auburn 2144",3,1,1,348000,2005-05-01,-33.8735612127341,151.025262843364,2823.81310025901
"640","3/14 Queen Street Auburn 2144",3,2,1,1240000,2005-03-01,-33.8562649040745,151.03589453317,854.795975218101
"641","6/40 St Johns Road Auburn 2144",3,2,NA,4e+05,2005-03-01,-33.8713198499155,151.019171714326,2789.958153938
"642","15/277 Park Road Auburn 2144",3,NA,NA,280000,2005-02-01,-33.8706394489252,151.025656876632,2500.21326241141
"643","2/277 Park Road Auburn 2144",3,1,1,546800,2004-07-01,-33.8706394489252,151.025656876632,2500.21326241141
"644","45-47 Marion Street Auburn 2144",3,2,3,65000,2004-06-01,-33.856482749738,151.033953284395,838.648007577693
"645","6/38 St Johns Road Auburn 2144",3,2,2,435000,2004-06-01,-33.8713482645673,151.019380675172,2784.051224968
"646","3/1A Raglan Road Auburn 2144",2,1,1,290000,2004-01-01,-33.8737999712461,151.024983809807,2856.05460780517
"647","5/1 Kennington Oval OVAL Auburn 2144",3,2,1,3e+05,2004-01-01,-33.8719987421632,151.021853839523,2756.32197280564
"648","7/17-21 Kirkham Road Auburn 2144",3,2,2,575000,2003-12-01,-33.8720158412457,151.020772993109,2796.62026797535
"649","2/23 Elsham Road Auburn 2144",3,1,NA,450000,2003-11-01,-33.8604346913567,151.034795749483,1284.91186134776
"650","3/68 Dartbrook Road Auburn 2144",3,1,NA,410000,2003-10-01,-33.8455105451148,151.039397414326,715.360892679934
"651","2/31 Wellington Road Auburn 2144",3,2,1,410000,2003-10-01,-33.8649064367008,151.025232752331,1907.28643147306
"652","6/128 Auburn Road Auburn 2144",3,NA,NA,320000,2003-10-01,-33.8585286884841,151.031541391756,1068.1388128982
"653","2/31A Provincial Street Auburn 2144",3,2,1,440000,2003-09-01,-33.8556861755697,151.025748490834,995.53810989224
"654","21/277 Park Road Auburn 2144",3,NA,NA,590000,2003-09-01,-33.8706394489252,151.025656876632,2500.21326241141
"655","18 COCKTHORPE Road Auburn 2144",3,2,2,351000,2003-05-01,-33.8606152794606,151.036294349952,1330.53850761484
"656","1/41 Karrabah Road Auburn 2144",2,2,1,269000,2003-04-01,-33.8438658061642,151.032136003967,575.884112437092
"657","4/9a-11 Louisa Street Auburn 2144",3,1,1,365000,2003-04-01,-33.8563190930785,151.035322635917,844.980192905433
"658","4/31 Cornwall Road Auburn 2144",2,1,1,278000,2003-03-01,-33.8691288623349,151.022983720071,2420.98641999875
"659","28 Norval Street Auburn 2144",3,1,1,1011000,2003-03-01,-33.8599075115565,151.034442368445,1222.5618752164
"660","5/31 Cornwall Road Auburn 2144",2,1,1,562500,2003-02-01,-33.8691288623349,151.022983720071,2420.98641999875
"661","5/89 Harrow Road Auburn 2144",2,1,1,790000,2002-11-01,-33.8596412604021,151.029519173796,1225.11743781502
"662","2/8 Edgar Street Auburn 2144",4,2,2,725000,2002-06-01,-33.8555526518522,151.028095172266,854.044083546
"663","3/78 Water Street Auburn 2144",3,2,1,930000,2002-06-01,-33.8612594706292,151.033325731304,1365.28541060162
"664","4/14 Kennington Oval OVAL Auburn 2144",3,2,1,287000,2002-05-01,-33.8727518561635,151.022900403954,2800.96373054896
"665","1/27-29 Hargrave Road Auburn 2144",4,2,2,490000,2002-03-01,-33.8604194362929,151.032031984549,1273.73600200917
"666","4/29 Gibbons Street Auburn 2144",2,1,1,542000,2002-03-01,-33.8456301548731,151.033240152073,376.445339893405
"667","4/57 Harrow Road Auburn 2144",2,2,1,265000,2002-01-01,-33.8557431306018,151.030135746594,792.949578737567
"668","6 Edgar Street Auburn 2144",4,2,2,387000,2001-08-01,-33.8555907056926,151.028354759807,845.485067299499
"669","2/56 Susan Street Auburn 2144",3,2,1,762500,2001-07-01,-33.8568291318867,151.033317936134,872.390992177545
"670","4/21 Hargrave Road Auburn 2144",3,1,1,488000,2001-06-01,-33.8600562903378,151.032106751125,1232.96332852798
"671","15/114 Auburn Road Auburn 2144",4,2,2,192500,2001-05-01,-33.857953019374,151.031638286557,1003.44786363819
"672","5/56-58 Susan Street Auburn 2144",3,2,2,780000,2001-02-01,-33.8568291318867,151.033317936134,872.390992177545
"673","1-3 Kennington Oval OVAL Auburn 2144",3,2,3,425000,2001-01-01,-33.8719987421632,151.021853839523,2756.32197280564
"674","110-112 Auburn Road Auburn 2144",3,1,2,658000,2000-06-01,-33.8568831532527,151.031967360076,881.774055529377
